title,company,location,link
Программист Python,ООО Телепорт,Санкт-Петербург,https://hh.ru/vacancy/42921655
Программист Python,ООО BarnetBC,Новосибирск,https://hh.ru/vacancy/43395421
Программист Python,ООО BarnetBC,Волгоград,https://hh.ru/vacancy/43395422
Python разработчик,ООО Фраксис,Москва,https://hh.ru/vacancy/43107859
Программист Python,ООО Лендсбэй,Москва,https://hh.ru/vacancy/43558794
Python Developer,ТОО InformConsulting,Алматы,https://hh.ru/vacancy/43348379
Python Developer,ООО Сиркьют Инжиниринг Технолоджиз,Минск,https://hh.ru/vacancy/42922633
Middle Data Scientist,LeverX International,Минск,https://hh.ru/vacancy/43114480
Аналитик,WAZZUP,Москва,https://hh.ru/vacancy/43599327
"Python Developer (senior), Berlin, Germany",Spreenauten GmbH,Москва,https://hh.ru/vacancy/43573447
Python Developer,ООО АдсПро Медиа,Санкт-Петербург,https://hh.ru/vacancy/43190457
Python разработчик,ПИК-БРОКЕР,Москва,https://hh.ru/vacancy/43688553
Backend developer python / Бэкенд-разработчик python,ООО СТМ,Санкт-Петербург,https://hh.ru/vacancy/40418921
Разработчик Python,AERODISK,Москва,https://hh.ru/vacancy/43154825
Бэкенд-разработчик (Python),"ЮТэйр, Авиакомпания",Москва,https://hh.ru/vacancy/43161980
Senior Python Developer,Билайн,Москва,https://hh.ru/vacancy/43520619
Senior Python Developer,ООО ЭйАр Сквад,Минск,https://hh.ru/vacancy/43377265
Senior Python backend developer,ООО IKIT Lab,Москва,https://hh.ru/vacancy/43372642
Программист Python,Loyalty Labs,Санкт-Петербург,https://hh.ru/vacancy/42937519
Middle / Senior Python developer,ООО Эскейп-Тек,Москва,https://hh.ru/vacancy/43506939
Backend-разработчик Python,ООО Мирамедикс,Москва,https://hh.ru/vacancy/43456439
Python Back-end Developer,Фингерз Медиа,Минск,https://hh.ru/vacancy/43499068
Python Developer,APPSULOVE,Минск,https://hh.ru/vacancy/41034970
Senior Python Developer,ДомКлик,Москва,https://hh.ru/vacancy/43068985
Python разработчик,idaproject,Москва,https://hh.ru/vacancy/43623428
Python Developer,ТОО AVIATA.KZ,Алматы,https://hh.ru/vacancy/41005910
Middle Python backend developer,ФГУП ГосНИИАС,Москва,https://hh.ru/vacancy/42342098
Middle Python Developer,Qmobi Ltd,Санкт-Петербург,https://hh.ru/vacancy/43116856
Python Developer (Backend),"Wargaming, Saint Petersburg (Lesta Studio)",Санкт-Петербург,https://hh.ru/vacancy/42981495
Python Developer,Edge Vision,Иннополис,https://hh.ru/vacancy/42899748
Python developer / Python разработчик / Программист Python,ООО Базис Телеком,Санкт-Петербург,https://hh.ru/vacancy/41569929
Python Developer,epoch8.co,Москва,https://hh.ru/vacancy/43530609
Python разработчик (middle) (backend),ООО Лендсбэй,Москва,https://hh.ru/vacancy/42951641
Python Developer,ООО АлюсофтБел,Минск,https://hh.ru/vacancy/42332824
Backend-разработчик (Python),АО Эшелон Технологии,Москва,https://hh.ru/vacancy/43184453
Python developer,TransWare AG,Киев,https://hh.ru/vacancy/43199881
Разработчик Python,ДомКлик,Москва,https://hh.ru/vacancy/43068966
Backend разработчик (Python),ООО Флайдата,Москва,https://hh.ru/vacancy/43623872
Python developer,ИП Черкасов Константин Юрьевич,Краснодар,https://hh.ru/vacancy/43307525
Python developer,ИП Черкасов Константин Юрьевич,Ташкент,https://hh.ru/vacancy/43307526
Python разработчик,ООО СтратоСфера,Зеленоград,https://hh.ru/vacancy/43461266
Python developer,TransWare AG,Омск,https://hh.ru/vacancy/43199880
Python developer,TransWare AG,Нур-Султан,https://hh.ru/vacancy/43199882
Python backend разработчик,UAB Softeka,Санкт-Петербург,https://hh.ru/vacancy/42633168
Python backend разработчик,UAB Softeka,Москва,https://hh.ru/vacancy/42633232
"Code reviewer на курс ""Middle Python разработчик""",Яндекс.Практикум,Москва,https://hh.ru/vacancy/42262658
Senior Python Developer (DS направление),ДомКлик,Москва,https://hh.ru/vacancy/42686980
Разработчик Python,Vilesse,Санкт-Петербург,https://hh.ru/vacancy/37394225
Разработчик Python,Vilesse,Москва,https://hh.ru/vacancy/37415007
Программист Python,Телеком.ру,Ульяновск,https://hh.ru/vacancy/42913235
Преподаватель Python,"ШАГ, Компьютерная Академия",Киев,https://hh.ru/vacancy/43462384
Back-end разработчик,Docline,Ташкент,https://hh.ru/vacancy/43273777
Разработчик Python,Галактика,Москва,https://hh.ru/vacancy/43658248
Backend Senior Python Developer,ООО UMA.Tech,Москва,https://hh.ru/vacancy/39648376
Разработчик Python (middle Python developer),АО НПО АНГСТРЕМ,Москва,https://hh.ru/vacancy/42419682
Разработчик Python (middle Python developer),АО НПО АНГСТРЕМ,Ярославль,https://hh.ru/vacancy/42419718
Senior BackEnd Developer,Route4Me,Нур-Султан,https://hh.ru/vacancy/41690403
Senior Python Dev,Innowise Group / Фабрика инноваций и решений,Могилев,https://hh.ru/vacancy/43600813
Junior Developer (back-end devoloper),"АШАН, Украина",Киев,https://hh.ru/vacancy/43340731
Старший Python + Go разработчик,ivi,Москва,https://hh.ru/vacancy/42967899
Backend Python Developer,ООО UMA.Tech,Казань,https://hh.ru/vacancy/39266383
Разработчик Python,The Head,Екатеринбург,https://hh.ru/vacancy/42905077
Программист Python,АО РТИ,Москва,https://hh.ru/vacancy/43156201
Программист Python,АО РТИ,Пермь,https://hh.ru/vacancy/43685925
Full-Stack Developer / Python разработчик,Beorg,Москва,https://hh.ru/vacancy/42005847
Python-разработчик (middle),Pentestit,Орел,https://hh.ru/vacancy/43512091
FullStack Python Developer,Skillbox,Москва,https://hh.ru/vacancy/43652311
Python/Full Stack developer,Beorg,Москва,https://hh.ru/vacancy/43675342
Разработчик серверной части,Политехнический музей,Москва,https://hh.ru/vacancy/43659467
Data Scientist,Композиты России,Москва,https://hh.ru/vacancy/43307867
Python разработчик (Middle / Senior),Noveo,Санкт-Петербург,https://hh.ru/vacancy/43661942
ML разработчик,Дром,Новосибирск,https://hh.ru/vacancy/42608701
Middle Python разработчик,R&B AFLA Group,Хабаровск,https://hh.ru/vacancy/42732766
Junior Python Developer,Starnavi,Киев,https://hh.ru/vacancy/43088397
Программист Python,ООО Регистратор доменных имен РЕГ.РУ,Самара,https://hh.ru/vacancy/40557207
Программист Python,ООО Регистратор доменных имен РЕГ.РУ,Новосибирск,https://hh.ru/vacancy/42007510
Программист Python,ООО Регистратор доменных имен РЕГ.РУ,Санкт-Петербург,https://hh.ru/vacancy/42007511
Программист Python,ООО Регистратор доменных имен РЕГ.РУ,Нижний Новгород,https://hh.ru/vacancy/42007512
Программист Python,ООО Регистратор доменных имен РЕГ.РУ,Иннополис,https://hh.ru/vacancy/42007513
"Python Developer (ETL/ETL, DaaS)",Skillbox,Москва,https://hh.ru/vacancy/43508067
Python Expert,Star,Минск,https://hh.ru/vacancy/43186734
Middle/Senior backend разработчик Python (удаленно),ООО Кловер Групп,Санкт-Петербург,https://hh.ru/vacancy/43601247
Senior Full Stack Python разработчик (возможна удаленная работа),ООО Бигл,Москва,https://hh.ru/vacancy/43662566
Программист-разработчик,ТОО NLS Kazakhstan,Алматы,https://hh.ru/vacancy/43632697
Python Developer (SEO Team),EvoPlay,Киев,https://hh.ru/vacancy/43599795
Web-разработчик (Python),Актив,Москва,https://hh.ru/vacancy/42695058
Разработчик (Python),Институт прикладных экономических исследований РАНХиГС при Президенте Российской Федерации,Москва,https://hh.ru/vacancy/40551245
Senior Python Engineer (Remote),Spark Equation,Санкт-Петербург,https://hh.ru/vacancy/43415666
Senior Python Developer,Top Remote Talent,Москва,https://hh.ru/vacancy/43646670
Python Developer,Неофлекс,Воронеж,https://hh.ru/vacancy/43660166
Python Developer,Неофлекс,Нижний Новгород,https://hh.ru/vacancy/43660167
Python Developer,Неофлекс,Пенза,https://hh.ru/vacancy/43660168
Strong junior / Middle Python Developer,Starnavi,Киев,https://hh.ru/vacancy/42895610
Python Developer,ЕВРАЗ,Москва,https://hh.ru/vacancy/41794422
Ведущий программист Python,Компания ПЭК,Москва,https://hh.ru/vacancy/41458067
Python Tech Lead Engineer (Remote),Spark Equation,Санкт-Петербург,https://hh.ru/vacancy/42946169
Python Developer,DINS,Санкт-Петербург,https://hh.ru/vacancy/41850767
Python&Golang developer (Middle/Senior),IBS,Москва,https://hh.ru/vacancy/43617414
Программист-разработчик (удаленная работа),ООО Траектория,Санкт-Петербург,https://hh.ru/vacancy/43457039
Senior Python Developer,instinctools,Минск,https://hh.ru/vacancy/43205932
Аналитик (data scientist/data analyst),ООО АйтиСмартФинанс,Новосибирск,https://hh.ru/vacancy/37982873
"Системный администратор Linux / Kubernetes (Middle DevOps инженер), удалённо",ООО Диджитал Пайн,Москва,https://hh.ru/vacancy/42883111
Frontend-разработчик (Верстальщик),ООО Гензис,Москва,https://hh.ru/vacancy/43562944
Web Developer,Райффайзен Банк Аваль,Киев,https://hh.ru/vacancy/42673988
Middle Python Developer (Отдел автоматизации сетевых сервисов),Selectel,Санкт-Петербург,https://hh.ru/vacancy/42350447
Middle/Advanced middle backend developer,АО Алгонт,Калуга,https://hh.ru/vacancy/42247112
Data scientist,SberCloud,Москва,https://hh.ru/vacancy/42268020
TeamLead-играющий тренер BSS систем,Билайн: ИТ и Digital,Москва,https://hh.ru/vacancy/43567615
Тeam lead команды по адаптированию/доработке моделей (Big data),Банк ВТБ (ПАО),Москва,https://hh.ru/vacancy/42698806
Middle Python - разработчик (информационная безопасность),Уральский центр систем безопасности,Екатеринбург,https://hh.ru/vacancy/41498822
Python-разработчик в команду Digital CRM,Райффайзенбанк,Москва,https://hh.ru/vacancy/43689355
Ведущий программист группы разработки,НПЦ ДИП,Москва,https://hh.ru/vacancy/43638140
Программист Python (удаленно),ООО Кловер Групп,Челябинск,https://hh.ru/vacancy/43583691
BI-разработчик,Pravo.Tech,Самара,https://hh.ru/vacancy/43675462
Frontend-разработчик (React) [59501],ПАО «Газпром нефть»,Москва,https://hh.ru/vacancy/43621483
Junior fullstack developer,Productivity Inside,Новосибирск,https://hh.ru/vacancy/43341208
Backend разработчик (Python),ООО Виаторис,Курск,https://hh.ru/vacancy/43583547
Системный администратор UNIX (DevOps),АО КантриКом,Москва,https://hh.ru/vacancy/42400188
Middle/Senior backend разработчик Python (удаленно),ООО Кловер Групп,Тольятти,https://hh.ru/vacancy/42836957
Data Engineer (Middle),ООО РАБЛЗ,Москва,https://hh.ru/vacancy/42493119
QA-специалист (Тестировщик),"ЮТэйр, Авиакомпания",Москва,https://hh.ru/vacancy/43161964
Frontend/Fullstack разработчик,ООО Контроль Плюс,Кострома,https://hh.ru/vacancy/43616111
Senior full-stack developer (Cloud team),Parallels,Москва,https://hh.ru/vacancy/42137538
Инженер по тестированию backend,ivi,Москва,https://hh.ru/vacancy/43361038
QA Automation engineer,Почтовые технологии,Пушкин,https://hh.ru/vacancy/42908736
Full Stack Web Developer,AiNanoLab,ОАЭ,https://hh.ru/vacancy/43586967
Архитектор DWH,Тинькофф,Москва,https://hh.ru/vacancy/41098730
Middle PHP Developer,Правовед.RU,Санкт-Петербург,https://hh.ru/vacancy/42461990
QA Automation engineer,Parallels,Москва,https://hh.ru/vacancy/42324584
Data Analyst - Форензик (Группа технологий в области финансовых расследований),Deloitte,Москва,https://hh.ru/vacancy/43653470
QA-специалист (Тестировщик),"ЮТэйр, Авиакомпания",Новосибирск,https://hh.ru/vacancy/43612390
QA-специалист (Тестировщик),"ЮТэйр, Авиакомпания",Ростов-на-Дону,https://hh.ru/vacancy/43612409
QA-специалист (Тестировщик),"ЮТэйр, Авиакомпания",Уфа,https://hh.ru/vacancy/43612428
QA-специалист (Тестировщик),"ЮТэйр, Авиакомпания",Таганрог,https://hh.ru/vacancy/43612438
Старший системный администратор Unix,ООО START.RU,Москва,https://hh.ru/vacancy/43624728
BI Аналитик,Homeapp,Москва,https://hh.ru/vacancy/42245092
Архитектор ПО,ProfiStaff,Москва,https://hh.ru/vacancy/41099202
Middle/Senior backend разработчик Python (удаленно),ООО Кловер Групп,Самара,https://hh.ru/vacancy/42579191
Middle/Senior backend разработчик Python (удаленно),ООО Кловер Групп,Пермь,https://hh.ru/vacancy/42579194
Python разработчик,ООО Айген,Москва,https://hh.ru/vacancy/43568902
Старший специалист технической поддержки,Сбер для экспертов,Ярославль,https://hh.ru/vacancy/43617936
Python разработчик,HEADS and HANDS,Санкт-Петербург,https://hh.ru/vacancy/43573622
Руководитель группы ML-инженеров,Неофлекс,Санкт-Петербург,https://hh.ru/vacancy/42470646
Программист Python,Сеть магазинов цифровой и бытовой техники DNS,Владивосток,https://hh.ru/vacancy/42279910
Python Developer / Программист Python,Playrix,Волгоград,https://hh.ru/vacancy/42197033
Senior Python разработчик,R&B AFLA Group,Хабаровск,https://hh.ru/vacancy/43552688
Разработчик Python,ООО РусБИТех-Астра,Москва,https://hh.ru/vacancy/43558725
Junior Python разработчик,R&B AFLA Group,Хабаровск,https://hh.ru/vacancy/43552861
Python-разработчик,ООО ИТС,Москва,https://hh.ru/vacancy/43534525
Младший разработчик Python (Направления систем управления инфраструктурой дата-центра),Selectel,Санкт-Петербург,https://hh.ru/vacancy/43577443
Python developer,Лаборатория Касперского,Москва,https://hh.ru/vacancy/42522896
Python Developer,BLDUP,Санкт-Петербург,https://hh.ru/vacancy/43058915
Python разработчик (BI),Альфа-Банк,Москва,https://hh.ru/vacancy/42037307
Ведущий разработчик Python,ООО РТ-Инвест Транспортные Системы,Москва,https://hh.ru/vacancy/40986710
Python - разработчик,Эттон,Казань,https://hh.ru/vacancy/42523312
DevOps инженер (Legal tech),ООО Стрим,Москва,https://hh.ru/vacancy/43507241
Full Stack (JS + Python) Developer,ООО Фитспаир,Минск,https://hh.ru/vacancy/43461211
Python разработчик в SberDevices (Виртуальный персонаж),Сбер. IT,Москва,https://hh.ru/vacancy/43472841
Senior developer Python,"Агентство 21 век, КЦ",Москва,https://hh.ru/vacancy/43431103
Deep Learning Tools Software Engineer (Backend),Intel Corporation,Нижний Новгород,https://hh.ru/vacancy/43475360
Middle/Senior/Lead Python Developer,"EPAM Systems, Inc.",Нижний Новгород,https://hh.ru/vacancy/41767555
Senior Python Developer (Tech Lead),ПАО «КАМАЗ»,Набережные Челны,https://hh.ru/vacancy/43451989
Senior Python Backend Developer,АО Мой Дом,Красноярск,https://hh.ru/vacancy/43412608
Senior Python Backend Developer,АО Мой Дом,Нижний Новгород,https://hh.ru/vacancy/43412397
Senior Python Backend Developer,АО Мой Дом,Санкт-Петербург,https://hh.ru/vacancy/43412311
Senior Python Backend Developer,АО Мой Дом,Новосибирск,https://hh.ru/vacancy/43412142
Python back-end developer,ООО М-АППС,Нижний Новгород,https://hh.ru/vacancy/43419880
Data Engineer,"«РОСБАНК, Societe Generale Group», с опытом работы",Санкт-Петербург,https://hh.ru/vacancy/41993225
Data Engineer,"«РОСБАНК, Societe Generale Group», с опытом работы",Москва,https://hh.ru/vacancy/42053250
Python-разработчик (Middle),TIQUM,Уфа,https://hh.ru/vacancy/43409030
Python разработчик,Синимекс,Москва,https://hh.ru/vacancy/43438280
Middle Python программист,Офисный Мир КМ,Ростов-на-Дону,https://hh.ru/vacancy/41602962
Senior Python Developer,iTechArt Group,Минск,https://hh.ru/vacancy/41096786
Python Developer (cloud solutions),Сбер для экспертов,Москва,https://hh.ru/vacancy/38162221
"Python-разработчик (pre-middle, middle)",ПАО Татнефть,Альметьевск,https://hh.ru/vacancy/41096302
Python Developer (Mogilev),iTechArt Group,Могилев,https://hh.ru/vacancy/41193533
Python Developer,Nexign (АО «Нэксайн»),Нижний Новгород,https://hh.ru/vacancy/43413233
Разработчик/программист серверной части (backend) IoT-платформы,Аладдин Р.Д.,Москва,https://hh.ru/vacancy/43435955
Senior backend software developer,ПАО «КАМАЗ»,Санкт-Петербург,https://hh.ru/vacancy/43412690
Инженер-программист Python,АО РТИ,Москва,https://hh.ru/vacancy/42771682
Ведущий разработчик Python (Lead),АО РТИ,Москва,https://hh.ru/vacancy/42518939
Python-разработчик (Платформа рекомендаций),Rambler Group,Москва,https://hh.ru/vacancy/43416469
Инженер сетевой инфраструктуры/Разработчик Python,ИП Птушкин Владислав Сергеевич,Москва,https://hh.ru/vacancy/42894144
Python-разработчик на проект Рамблер/топ-100,Rambler Group,Москва,https://hh.ru/vacancy/43428729
Data scientist / Team Lead Data Science,АО Гринатом,Санкт-Петербург,https://hh.ru/vacancy/43437471
Data scientist / Team Lead Data Science,АО Гринатом,Новосибирск,https://hh.ru/vacancy/43437472
Data scientist / Team Lead Data Science,АО Гринатом,Казань,https://hh.ru/vacancy/43437473
Data scientist / Team Lead Data Science,АО Гринатом,Екатеринбург,https://hh.ru/vacancy/43437474
Data scientist / Team Lead Data Science,АО Гринатом,Нижний Новгород,https://hh.ru/vacancy/43437475
Lead Software Engineer / Ведущий инженер-программист,ООО СберМедИИ,Москва,https://hh.ru/vacancy/43413416
Python разработчик в SberDevices (направление B2B2C),Сбер. IT,Москва,https://hh.ru/vacancy/41032029
Программист-аналитик риск-технологий,РобоФинанс,Москва,https://hh.ru/vacancy/43335817
Старший системный администратор (Linux),NETRIKA,Санкт-Петербург,https://hh.ru/vacancy/42914096
WEB программист,TASK MPS (ИП Москвитин Петр Сергеевич),Вологда,https://hh.ru/vacancy/43425402
Go-разработчик (Notify),"Mail.ru Group, E-commerce",Москва,https://hh.ru/vacancy/41965389
Инженер по администрированию системы [id71721],ПАО «Газпром нефть»,Санкт-Петербург,https://hh.ru/vacancy/43486539
ML разработчик,Дром,Владивосток,https://hh.ru/vacancy/42636314
Fullstack разработчик (middle),Центр Методического Обеспечения Оптимизации Процессов Государственного Управления в Московской области,Рыбинск,https://hh.ru/vacancy/43431951
Data Scientist | Middle,ENBISYS,Томск,https://hh.ru/vacancy/42769378
Middle Python Developer,ИП Рамазанов Нариман Нисрединович,Махачкала,https://hh.ru/vacancy/36606581
Team Lead/Senior Python developer,SUNLIGHT/САНЛАЙТ,Москва,https://hh.ru/vacancy/42055443
"Ведущий аналитик (SQL, Python)/Data analyst",Перекресток,Москва,https://hh.ru/vacancy/43355112
Старший разработчик (Senior Python Developer),"ЦУМ, IT",Москва,https://hh.ru/vacancy/42893658
Python-разработчик (Computer vision),Тинькофф,Екатеринбург,https://hh.ru/vacancy/40646067
Python-разработчик (Computer vision),Тинькофф,Челябинск,https://hh.ru/vacancy/42201994
Senior Python-разработчик,Тинькофф,Екатеринбург,https://hh.ru/vacancy/38019357
Senior Python-разработчик,Тинькофф,Челябинск,https://hh.ru/vacancy/42202145
Data Scientist,АО Народный банк Казахстана,Алматы,https://hh.ru/vacancy/43298543
Junior Software Engineer,Schlumberger Telecommunications and Information Security Systems LLC. Студентам и выпускникам,Москва,https://hh.ru/vacancy/43345809
Python-разработчик (Чат-платформа),Тинькофф,Екатеринбург,https://hh.ru/vacancy/41084919
Python-разработчик (Чат-платформа),Тинькофф,Челябинск,https://hh.ru/vacancy/42201933
Middle Python developer,ООО ЛИГРЕС,Санкт-Петербург,https://hh.ru/vacancy/43247819
Аналитик данных / Middle data analyst,Novapulsar,Москва,https://hh.ru/vacancy/43340711
Разработчик Python,ООО Кловер Групп,Санкт-Петербург,https://hh.ru/vacancy/42573667
Разработчик Python,ООО Кловер Групп,Москва,https://hh.ru/vacancy/42574893
Python/JS Developer,ООО Умный Код,Москва,https://hh.ru/vacancy/43246641
Data Engineer,"«РОСБАНК, Societe Generale Group», с опытом работы",Красноярск,https://hh.ru/vacancy/39667078
Python developer Банк 131,FIX,Москва,https://hh.ru/vacancy/42629229
Python Developer,HR Prime,Москва,https://hh.ru/vacancy/43247518
Middle/Senior Backend Developer (Python),E-COM PORTAL,Казань,https://hh.ru/vacancy/43251607
Разработчик Backend Node.js,ООО Комфортел,Санкт-Петербург,https://hh.ru/vacancy/43292163
Machine Learning engineer,SberTech,Москва,https://hh.ru/vacancy/43285777
Python developer,SberTech,Москва,https://hh.ru/vacancy/41973652
Senior Python Web Developer (Django/Flask),Ingram Micro,Москва,https://hh.ru/vacancy/43243706
Аналитик данных,ПАО Банк Санкт-Петербург,Санкт-Петербург,https://hh.ru/vacancy/41445434
Data Scientist,Газпромбанк,Москва,https://hh.ru/vacancy/39444384
Application Security Architect / Penetration Testing Architect,SUNLIGHT/САНЛАЙТ,Москва,https://hh.ru/vacancy/42019336
"Наставник на курс ""Middle Python разработчик"" в Яндекс.Практикум",Яндекс.Практикум,Москва,https://hh.ru/vacancy/43269103
Руководитель разработки автоматизации процессов анализа и контроля качества коммутационной сети,ПАО «МТС»,Краснодар,https://hh.ru/vacancy/43382182
Руководитель разработки автоматизации процессов анализа и контроля качества коммутационной сети,ПАО «МТС»,Ростов-на-Дону,https://hh.ru/vacancy/43382183
Руководитель разработки автоматизации процессов анализа и контроля качества коммутационной сети,ПАО «МТС»,Волгоград,https://hh.ru/vacancy/43382184
Руководитель разработки автоматизации процессов анализа и контроля качества коммутационной сети,ПАО «МТС»,Санкт-Петербург,https://hh.ru/vacancy/43382185
Руководитель разработки автоматизации процессов анализа и контроля качества коммутационной сети,ПАО «МТС»,Москва,https://hh.ru/vacancy/43382186
Руководитель разработки автоматизации процессов анализа и контроля качества коммутационной сети,ПАО «МТС»,Нижний Новгород,https://hh.ru/vacancy/43382187
Руководитель разработки автоматизации процессов анализа и контроля качества коммутационной сети,ПАО «МТС»,Самара,https://hh.ru/vacancy/43382188
Data Engineer,Playrix,Иваново (Ивановская область),https://hh.ru/vacancy/43278396
Data Engineer,Playrix,Великий Новгород,https://hh.ru/vacancy/43278400
Data Engineer,Playrix,Воронеж,https://hh.ru/vacancy/43278405
Data Engineer,Playrix,Нижний Новгород,https://hh.ru/vacancy/43278409
Data Engineer,Playrix,Тюмень,https://hh.ru/vacancy/43278414
Data Engineer,Playrix,Екатеринбург,https://hh.ru/vacancy/43278416
Data Engineer,Playrix,Казань,https://hh.ru/vacancy/43278421
Data Engineer,Playrix,Петрозаводск,https://hh.ru/vacancy/43278341
Data Engineer,Playrix,Калининград,https://hh.ru/vacancy/43278287
"Web-Разработчик (Full stack, Python, JS)",Artrange Digital,Тюмень,https://hh.ru/vacancy/43252224
Python developer,ООО Дигитеум,Минск,https://hh.ru/vacancy/43251840
DevOps engineer,BestDoctor,Москва,https://hh.ru/vacancy/41936419
Эксперт автоматизации процессов анализа и контроля качества сетей передачи данных,ПАО «МТС»,Краснодар,https://hh.ru/vacancy/43381871
Эксперт автоматизации процессов анализа и контроля качества сетей передачи данных,ПАО «МТС»,Ростов-на-Дону,https://hh.ru/vacancy/43381872
Эксперт автоматизации процессов анализа и контроля качества сетей передачи данных,ПАО «МТС»,Волгоград,https://hh.ru/vacancy/43381873
Senior разработчик Python/Middle разработчик Python,Галактика,Москва,https://hh.ru/vacancy/43199551
Python Developer (remote),Онлайн-школа Тетрика,Санкт-Петербург,https://hh.ru/vacancy/43187978
Python Developer (remote),Онлайн-школа Тетрика,Казань,https://hh.ru/vacancy/43187979
Python Developer (remote),Онлайн-школа Тетрика,Новосибирск,https://hh.ru/vacancy/43187980
Python Developer (remote),Онлайн-школа Тетрика,Сочи,https://hh.ru/vacancy/43187981
Python Developer (remote),Онлайн-школа Тетрика,Краснодар,https://hh.ru/vacancy/43187982
Python Developer (remote),Онлайн-школа Тетрика,Ростов-на-Дону,https://hh.ru/vacancy/43187983
Python Developer (remote),Онлайн-школа Тетрика,Екатеринбург,https://hh.ru/vacancy/43187984
Python Developer (remote),Онлайн-школа Тетрика,Тюмень,https://hh.ru/vacancy/43187985
Руководитель разработки (Внутренние ИТ проекты),Утконос. И..И.. ОНЛАЙН,Москва,https://hh.ru/vacancy/39629429
Middle Python Developer,ООО Ара Софт Групп,Минск,https://hh.ru/vacancy/43178074
Бэкенд-разработчик (Python),"ЮТэйр, Авиакомпания",Тюмень,https://hh.ru/vacancy/43159116
Бэкенд-разработчик (Python),"ЮТэйр, Авиакомпания",Санкт-Петербург,https://hh.ru/vacancy/43159123
Data Scientist (Сomputer vision engineer),ООО Интермобилити,Москва,https://hh.ru/vacancy/43150263
Программист,ООО Софт-Кристалл,Томск,https://hh.ru/vacancy/43367256
ML specialist (R&D),TGT,Казань,https://hh.ru/vacancy/42587146
Senior Python Developer,FIRECODE,Ростов-на-Дону,https://hh.ru/vacancy/43142092
Разработчик Python,АО НИИ МАСШТАБ,Санкт-Петербург,https://hh.ru/vacancy/43157032
Sr Manager Data Science,Align Technology,Москва,https://hh.ru/vacancy/42577986
Разработчик Python,ПАО БАНК УРАЛСИБ,Москва,https://hh.ru/vacancy/43147807
Python Developer,БАРС Груп,Казань,https://hh.ru/vacancy/43129461
Python разработчик (FastAPI),HuskyJam,Москва,https://hh.ru/vacancy/43152412
Senior Software Developer (PyCharm),JetBrains,Санкт-Петербург,https://hh.ru/vacancy/22056926
Senior Software Developer (PyCharm),JetBrains,Москва,https://hh.ru/vacancy/39441364
Программист Python,The Skolkovo Institute of Science and Technology,Москва,https://hh.ru/vacancy/38827758
Senior Python backend developer,ООО Кометрика,Санкт-Петербург,https://hh.ru/vacancy/42785580
Senior Python backend developer,ООО Кометрика,Самара,https://hh.ru/vacancy/42785581
Senior Python backend developer,ООО Кометрика,Пермь,https://hh.ru/vacancy/42785582
Python разработчик (Middle / Senior),X5 RETAIL GROUP,Москва,https://hh.ru/vacancy/43146558
Machine Learning Developer,"Interactive Standard, LLC",Новосибирск,https://hh.ru/vacancy/43295547
Программист Python (в офис),ООО Интермобилити,Москва,https://hh.ru/vacancy/43116426
Python developer (SAM),"ПАО «МТС», IT",Москва,https://hh.ru/vacancy/42516001
Data engineer,СберЗвук,Москва,https://hh.ru/vacancy/38275082
Python developer в музыкальный стриминговый сервис СберЗвук,СберЗвук,Москва,https://hh.ru/vacancy/37899193
Backend Python разработчик,ООО ТаймВэб,Санкт-Петербург,https://hh.ru/vacancy/41734740
ML-инженер (Разработчик Python),Неофлекс,Пенза,https://hh.ru/vacancy/43150739
"Разработчик Python, Java Script",АО НИИ МАСШТАБ,Санкт-Петербург,https://hh.ru/vacancy/43156888
Senior Software Engineer (PyCharm),JetBrains,Новосибирск,https://hh.ru/vacancy/20458455
Backend разработчик Python (возможно удаленно/инвестиционная компания),Recruitment Boutique S.M.Art,Москва,https://hh.ru/vacancy/43157287
Back-End developer,ООО Инжиниринговый Центр МФТИ по полезным ископаемым,Москва,https://hh.ru/vacancy/42430805
Python разработчик,ООО АйтиДизайн,Минск,https://hh.ru/vacancy/43048095
Python разработчик,Andersen,Минск,https://hh.ru/vacancy/42395837
Python Backend-разработчик (мiddle+),ООО Авгуро Технолоджис,Екатеринбург,https://hh.ru/vacancy/42720732
Ведущий web-разработчик,Фидесис,Москва,https://hh.ru/vacancy/43148040
Search Engineer,СберЗвук,Москва,https://hh.ru/vacancy/38364405
Backend developer Python (middle/senior),Ростелеком - Центры обработки данных,Москва,https://hh.ru/vacancy/43072647
Python Developer,ООО Тагес Джамп,Уфа,https://hh.ru/vacancy/42387542
Junior Python Developer (Trainee/Students Lab),iTechArt Group,Минск,https://hh.ru/vacancy/40806625
Senior security operation engineer (SecOps) (Remote/Office MSK),SUNLIGHT/САНЛАЙТ,Москва,https://hh.ru/vacancy/42499956
Преподаватель компьютерных курсов,Алгоритмика::Одинцово,Одинцово,https://hh.ru/vacancy/43181015
Data scientist,ПАО Магнитогорский металлургический комбинат,Новосибирск,https://hh.ru/vacancy/43038455
Data scientist,ПАО Магнитогорский металлургический комбинат,Казань,https://hh.ru/vacancy/43038474
Data scientist,ПАО Магнитогорский металлургический комбинат,Санкт-Петербург,https://hh.ru/vacancy/43038418
Data scientist,ПАО Магнитогорский металлургический комбинат,Томск,https://hh.ru/vacancy/43037882
Data scientist,ПАО Магнитогорский металлургический комбинат,Челябинск,https://hh.ru/vacancy/43037610
Data scientist,ПАО Магнитогорский металлургический комбинат,Екатеринбург,https://hh.ru/vacancy/43037643
Data scientist,ПАО Магнитогорский металлургический комбинат,Магнитогорск,https://hh.ru/vacancy/43037248
Regular Python Developer,Свордфиш Секьюрити,Москва,https://hh.ru/vacancy/41545241
Software Development Student Intern,SAP,Санкт-Петербург,https://hh.ru/vacancy/43117381
Backend разработчик python (junior),Веб-студия Goodbit,Калининград,https://hh.ru/vacancy/43015425
Backend-разработчик,Яндекс.Практикум,Екатеринбург,https://hh.ru/vacancy/42360325
Backend-разработчик (Django),ООО Высокотехнологичные Розничные Решения,Санкт-Петербург,https://hh.ru/vacancy/42992377
Middle/Senior backend разработчик Python (удаленно),ООО Кловер Групп,Пермь,https://hh.ru/vacancy/42579181
Middle/Senior backend разработчик Python (удаленно),ООО Кловер Групп,Челябинск,https://hh.ru/vacancy/42579182
Middle PHP Разработчик,ООО Все эвакуаторы России,Москва,https://hh.ru/vacancy/43069798
Middle/Senior backend разработчик Python (удаленно),ООО Кловер Групп,Калининград,https://hh.ru/vacancy/42836955
Middle/Senior backend разработчик Python (удаленно),ООО Кловер Групп,Саратов,https://hh.ru/vacancy/42836956
Middle/Senior backend разработчик Python (удаленно),ООО Кловер Групп,Нижний Новгород,https://hh.ru/vacancy/42836952
Middle/Senior backend разработчик Python (удаленно),ООО Кловер Групп,Волгоград,https://hh.ru/vacancy/42836954
Senior Python Developer,RocketData,Минск,https://hh.ru/vacancy/42980642
ML инженер,SberTech,Москва,https://hh.ru/vacancy/43073356
Junior python разработчик (разработчик логики),Neuro.net,Нижний Новгород,https://hh.ru/vacancy/42330542
Бэкенд-разработчик (Python),"ЮТэйр, Авиакомпания",Краснодар,https://hh.ru/vacancy/42964122
Разработчик Python,Лига Цифровой Экономики,Москва,https://hh.ru/vacancy/41049881
Python-разработчик,SMENA,Уфа,https://hh.ru/vacancy/42961484
Python разработчик,Лига Цифровой Экономики,Москва,https://hh.ru/vacancy/42988032
Python-разработчик,Noveo,Санкт-Петербург,https://hh.ru/vacancy/41843967
Python Middle Developer,Itransition,Минск,https://hh.ru/vacancy/41484148
Разработчик Python,ООО Анлимитед Продакшен,Москва,https://hh.ru/vacancy/42970947
Python Разработчик,ООО Группа компаний OPEN,Екатеринбург,https://hh.ru/vacancy/42990621
Эксперт Направления Data Scientist,АО ForteBank,Нур-Султан,https://hh.ru/vacancy/43039390
DevOps инженер,ООО Диджитал Горизонт,Москва,https://hh.ru/vacancy/41815994
Python Developer,ООО Кернеликс / Kernelics,Минск,https://hh.ru/vacancy/42924601
Python Developer,БАРС Груп,Нижний Новгород,https://hh.ru/vacancy/41540010
Программист-разработчик (Python),"ГРЧЦ, ФГУП",Москва,https://hh.ru/vacancy/42919139
Программист Python,ООО ДЕДЛАЙН,Екатеринбург,https://hh.ru/vacancy/43192172
WEB программист,ЗАВОД ГОТОВЫХ ТЕПЛИЦ,Вологда,https://hh.ru/vacancy/42331938
Python Developer,iTechArt Group,Минск,https://hh.ru/vacancy/42867409
Backend-разработчик,Яндекс.Практикум,Москва,https://hh.ru/vacancy/42935115
Backend-разработчик,Яндекс.Практикум,Санкт-Петербург,https://hh.ru/vacancy/42935116
Python Developer,Nexign (АО «Нэксайн»),Самара,https://hh.ru/vacancy/42895677
Python Developer,Nexign (АО «Нэксайн»),Новосибирск,https://hh.ru/vacancy/42895638
Системный аналитик,ООО Диджитал Горизонт,Москва,https://hh.ru/vacancy/42672927
Data Engineer,"«РОСБАНК, Societe Generale Group», с опытом работы",Нижний Новгород,https://hh.ru/vacancy/41993226
Team Lead Developer,ООО РАБЛЗ,Москва,https://hh.ru/vacancy/43085131
Python full stack developer,"Velvetech, LLC",Казань,https://hh.ru/vacancy/42284597
Python full stack developer (remote),"Velvetech, LLC",Новосибирск,https://hh.ru/vacancy/42284596
Python full stack developer (remote),"Velvetech, LLC",Краснодар,https://hh.ru/vacancy/42284598
Python full stack developer(remote),"Velvetech, LLC",Санкт-Петербург,https://hh.ru/vacancy/42284599
Data Scientist,"ОТП Банк, АО (OTP bank)",Москва,https://hh.ru/vacancy/42340344
